<?xml version="1.0" encoding="UTF-8" standalone="yes"?>
<addon id="plugin.video.lk21" name="LK21 Official" version="1.0.6" provider-name="Developer">
    <requires>
        <import addon="xbmc.python" version="3.0.0"/>
        <import addon="script.module.requests" version="2.25.1"/>
    </requires>
    <extension point="xbmc.python.pluginsource" library="main.py">
        <provides>video</provides>
    </extension>
    <extension point="xbmc.addon.metadata">
        <summary>Nonton Film LK21 &amp; Live IPTV</summary>
        <description>Addon untuk menonton film terbaru dari LK21 dan saluran TV Indonesia serta Sports secara Live.</description>
        <platform>all</platform>
        <assets>
            <icon>icon.png</icon>
        </assets>
    </extension>
</addon>
