<?xml version="1.0" encoding="UTF-8" standalone="yes"?>
<addon id="repository.nyetplix" name="Nyetplix Repository" version="1.0.0" provider-name="edsprmn">
    <extension point="xbmc.addon.repository" name="My Custom Repository">
        <dir>
            <info compressed="false">https://edsprmn.github.io/nyetplix/zips/addons.xml</info>
            <checksum>https://edsprmn.github.io/nyetplix/zips/addons.xml.md5</checksum>
            <datadir zip="true">https://edsprmn.github.io/nyetplix/zips/</datadir>
        </dir>
    </extension>
    <extension point="xbmc.addon.metadata">
        <summary>My Personal Kodi Addons</summary>
        <description>A repository for my own experimental Kodi plugins.</description>
        <platform>all</platform>
    </extension>
</addon>
