<?xml version="1.0" encoding="UTF-8" standalone="yes"?>
<addon id="plugin.video.nyetplix" name="NYETPLIX" version="2.1.0" provider-name="edsprmn">
    <requires>
        <import addon="xbmc.python" version="3.0.0"/>
        <import addon="script.module.requests" version="2.25.1"/>
    </requires>
    <extension point="xbmc.python.pluginsource" library="main.py">
        <provides>video</provides>
    </extension>
    <extension point="xbmc.addon.metadata">
        <summary>Nonton Movie, Telenovela &amp; Live IPTV</summary>
        <description>NYETPLIX: Addon Streaming masa depan. Nonton Movie terbaru, Telenovela (JAV), dan saluran TV Indonesia/Sports secara Live.</description>
        <platform>all</platform>
        <assets>
            <icon>icon.png</icon>
        </assets>
    </extension>
</addon>
